{"cameraMode":{"drawMode":0,"name":"Shaded","section":"Shading Mode"},"sceneLighting":true,"audioPlay":false,"sceneViewState":{"showFog":true,"showMaterialUpdate":true,"showSkybox":true,"showFlares":true,"showImageEffects":true,"showParticleSystems":true},"in2DMode":false,"pivot":{"x":-0.4165334701538086,"y":1.7794477939605713,"z":0.9466161727905273},"rotation":{"x":-0.1311253160238266,"y":-0.18269605934619904,"z":0.024595089256763459,"w":-0.9740857481956482},"size":7.584371089935303,"orthographic":false}