{"cameraMode":{"drawMode":0,"name":"Shaded","section":"Shading Mode"},"sceneLighting":true,"audioPlay":false,"sceneViewState":{"showFog":true,"showMaterialUpdate":true,"showSkybox":true,"showFlares":true,"showImageEffects":true,"showParticleSystems":true},"in2DMode":false,"pivot":{"x":-0.6533557176589966,"y":0.5208475589752197,"z":0.5114030838012695},"rotation":{"x":-0.14218780398368836,"y":0.043634865432977679,"z":-0.006272533908486366,"w":-0.9888671040534973},"size":4.944309711456299,"orthographic":false}