{"cameraMode":{"drawMode":0,"name":"Shaded","section":"Shading Mode"},"sceneLighting":false,"audioPlay":false,"sceneViewState":{"showFog":true,"showMaterialUpdate":true,"showSkybox":true,"showFlares":true,"showImageEffects":true,"showParticleSystems":true},"in2DMode":false,"pivot":{"x":500.5188903808594,"y":230.50852966308595,"z":39.52313232421875},"rotation":{"x":-0.11083411425352097,"y":0.0661369115114212,"z":-0.007391614839434624,"w":-0.9916113615036011},"size":335.42657470703127,"orthographic":false}