{"cameraMode":{"drawMode":0,"name":"Shaded","section":"Shading Mode"},"sceneLighting":true,"audioPlay":false,"sceneViewState":{"showFog":true,"showMaterialUpdate":true,"showSkybox":true,"showFlares":true,"showImageEffects":true,"showParticleSystems":true},"in2DMode":false,"pivot":{"x":462.3253173828125,"y":188.0926055908203,"z":73.733642578125},"rotation":{"x":-0.0542774572968483,"y":-0.014380717650055886,"z":0.0007829431560821831,"w":-0.9984251856803894},"size":1749.3226318359375,"orthographic":false}